<?xml version="1.0" encoding="utf-8"?>
<?xml-stylesheet type="text/xsl" href="../assets/xml/rss.xsl" media="all"?><rss version="2.0" xmlns:dc="http://purl.org/dc/elements/1.1/" xmlns:atom="http://www.w3.org/2005/Atom"><channel><title>disconsented (Posts about ANSSRPG)</title><link>https://disconsented.com/</link><description></description><atom:link href="https://disconsented.com/categories/anssrpg.xml" rel="self" type="application/rss+xml"></atom:link><language>en</language><copyright>Contents © 2019 &lt;a href="mailto:jpm.kerr@outlook.com"&gt;James Kerr&lt;/a&gt; https://creativecommons.org/licenses/by/4.0/</copyright><lastBuildDate>Wed, 24 Jul 2019 07:32:43 GMT</lastBuildDate><generator>Nikola (getnikola.com)</generator><docs>http://blogs.law.harvard.edu/tech/rss</docs><item><title>TehNut has become the offical 1.7.10 maintainer for ANSSRPG</title><link>https://disconsented.com/posts/tehnut-has-become-the-offical-1710-maintainer-for-anssrpg/</link><dc:creator>James Kerr</dc:creator><description>&lt;figure&gt;&lt;img src="https://disconsented.com/posts/tehnut-has-become-the-offical-1710-maintainer-for-anssrpg/disconsented.png"&gt;&lt;/figure&gt; &lt;p&gt;&lt;a class="reference external" href="https://github.com/TehNut"&gt;TehNut&lt;/a&gt; has taken up the task of maintaining the 1.7.10 version of ANSSRPG, so you can badger him instead of me for builds :)&lt;/p&gt;</description><category>ANSSRPG</category><guid>https://disconsented.com/posts/tehnut-has-become-the-offical-1710-maintainer-for-anssrpg/</guid><pubDate>Fri, 09 Oct 2015 02:31:11 GMT</pubDate></item><item><title>Why I decided to stick with 1.8 for minecraft.</title><link>https://disconsented.com/posts/why-i-decided-to-stick-with-18-for-minecraft/</link><dc:creator>Disconsented</dc:creator><description>&lt;figure&gt;&lt;img src="https://disconsented.com/posts/why-i-decided-to-stick-with-18-for-minecraft/disconsented.png"&gt;&lt;/figure&gt; &lt;div&gt;&lt;p&gt;Some people had noticed that after working on ANSSRPG for over a year and five months (30/04/2014 was the creation date of the repository) that I had finally released it however with one quirk; it was released for 1.8 only and a few people have asked why/for a 1.7.10 version.&lt;/p&gt;
&lt;p&gt;I want to make it clear that I only wish to maintain and work on one version myself (although I am open to someone else maintaining a 1.7.10 version) this was for a few reasons, the biggest being that I have become a professional software developer and modding is as much of a hobby as something of a passion (still being a full time student doesn't help) so I don't have as much time as before to work on it.
There are other reasons, the most prominent being that a few mods that I have had my eye on for compatibility issues like Tinkers Construct have been undergoing major changes to the code base and I do not wish to work against it until it is stable again.&lt;/p&gt;
&lt;p&gt;Lastly, the modding community stagnates around Minecraft versions and I loathe that. If I can push it along ever so slightly I am perfectly happy to do so (even at the cost of people’s perceptions and enjoyment).&lt;/p&gt;
&lt;p&gt;“I do not think there is any thrill that can go through the human heart like that felt by the inventor as he sees some creation of the brain unfolding to success....Such emotions make a man forget food, sleep, friends, love, everything.” - Nikola Tesla&lt;/p&gt;&lt;/div&gt;</description><category>ANSSRPG</category><guid>https://disconsented.com/posts/why-i-decided-to-stick-with-18-for-minecraft/</guid><pubDate>Thu, 08 Oct 2015 09:50:01 GMT</pubDate></item></channel></rss>