<?xml version="1.0" encoding="utf-8"?>
<?xml-stylesheet type="text/xsl" href="../assets/xml/rss.xsl" media="all"?><rss version="2.0" xmlns:dc="http://purl.org/dc/elements/1.1/" xmlns:atom="http://www.w3.org/2005/Atom"><channel><title>disconsented (Posts about Build Guide)</title><link>https://disconsented.com/</link><description></description><atom:link href="https://disconsented.com/categories/build-guide.xml" rel="self" type="application/rss+xml"></atom:link><language>en</language><copyright>Contents © 2019 &lt;a href="mailto:jpm.kerr@outlook.com"&gt;James Kerr&lt;/a&gt; https://creativecommons.org/licenses/by/4.0/</copyright><lastBuildDate>Wed, 24 Jul 2019 07:32:43 GMT</lastBuildDate><generator>Nikola (getnikola.com)</generator><docs>http://blogs.law.harvard.edu/tech/rss</docs><item><title>October 2018 Build Guide</title><link>https://disconsented.com/posts/october-2018-build-guide/</link><dc:creator>James Kerr</dc:creator><description>&lt;div&gt;&lt;p&gt;This has been a long time coming, I decided to skip over the Raven Ridge an Pinnacle Ridge releases since we had an accurate idea of what they were going to be. However, Coffee Lake-R and Turing have both entered the fray. It has been an exciting few months to say the least. On the plus side Pascal, Polaris and Vega are at sensible prices again.&lt;/p&gt;
&lt;p&gt;&lt;a href="https://disconsented.com/posts/october-2018-build-guide/"&gt;Read more…&lt;/a&gt; (5 min remaining to read)&lt;/p&gt;&lt;/div&gt;</description><category>Build Guide</category><guid>https://disconsented.com/posts/october-2018-build-guide/</guid><pubDate>Sat, 27 Oct 2018 06:30:38 GMT</pubDate></item><item><title>April 2018 Build Guide</title><link>https://disconsented.com/posts/april-2018-build-guide/</link><dc:creator>James Kerr</dc:creator><description>&lt;div&gt;&lt;p&gt;We've had a couple of 'exciting' months in terms of releases! Pinnacle Ridge and Raven Ridge have both been released into the wild along with Intel's reactive motherboard's (B360, H310 and H370) and CPUs (i5-8600). All up this has been a somewhat exciting couple of months since the last guide, PR narrows the gap with both clocks and IPC (thanks to AMD's improvements to the cache &lt;a class="reference external" href="https://www.anandtech.com/show/12625/amd-second-generation-ryzen-7-2700x-2700-ryzen-5-2600x-2600/4"&gt;espically L2&lt;/a&gt;) but this ultimately doesn't change my person recommendations of if it's not an 8700k go with Zen.&lt;/p&gt;
&lt;p&gt;&lt;a href="https://disconsented.com/posts/april-2018-build-guide/"&gt;Read more…&lt;/a&gt; (4 min remaining to read)&lt;/p&gt;&lt;/div&gt;</description><category>Build Guide</category><guid>https://disconsented.com/posts/april-2018-build-guide/</guid><pubDate>Fri, 20 Apr 2018 22:31:30 GMT</pubDate></item><item><title>February 2018 Build Guide</title><link>https://disconsented.com/posts/february-2018-build-guide/</link><dc:creator>James Kerr</dc:creator><description>&lt;p&gt;&lt;a href="https://disconsented.com/posts/february-2018-build-guide/"&gt;Read more…&lt;/a&gt; (6 min remaining to read)&lt;/p&gt;</description><category>Build Guide</category><guid>https://disconsented.com/posts/february-2018-build-guide/</guid><pubDate>Thu, 08 Feb 2018 01:28:10 GMT</pubDate></item></channel></rss>