<?xml version="1.0" encoding="utf-8"?>
<?xml-stylesheet type="text/xsl" href="../assets/xml/rss.xsl" media="all"?><rss version="2.0" xmlns:dc="http://purl.org/dc/elements/1.1/" xmlns:atom="http://www.w3.org/2005/Atom"><channel><title>disconsented (Posts about posts)</title><link>https://disconsented.com/</link><description></description><atom:link href="https://disconsented.com/categories/cat_posts.xml" rel="self" type="application/rss+xml"></atom:link><language>en</language><copyright>Contents © 2019 &lt;a href="mailto:jpm.kerr@outlook.com"&gt;James Kerr&lt;/a&gt; https://creativecommons.org/licenses/by/4.0/</copyright><lastBuildDate>Wed, 24 Jul 2019 07:32:43 GMT</lastBuildDate><generator>Nikola (getnikola.com)</generator><docs>http://blogs.law.harvard.edu/tech/rss</docs><item><title>Whoops!</title><link>https://disconsented.com/posts/whoops/</link><dc:creator>James Kerr</dc:creator><description>&lt;p&gt;Long story short, I accidentally destroyed a ton of data. As a result I am backing things up and have my VPS properly configured.&lt;/p&gt;</description><guid>https://disconsented.com/posts/whoops/</guid><pubDate>Tue, 13 Jun 2017 03:19:31 GMT</pubDate></item></channel></rss>