<?xml version="1.0" encoding="utf-8"?>
<?xml-stylesheet type="text/xsl" href="../assets/xml/rss.xsl" media="all"?><rss version="2.0" xmlns:dc="http://purl.org/dc/elements/1.1/" xmlns:atom="http://www.w3.org/2005/Atom"><channel><title>disconsented (Posts about Resource)</title><link>https://disconsented.com/</link><description></description><atom:link href="https://disconsented.com/categories/cat_resource.xml" rel="self" type="application/rss+xml"></atom:link><language>en</language><copyright>Contents © 2017 &lt;a href="mailto:jpm.kerr@outlook.com"&gt;James Kerr&lt;/a&gt; https://creativecommons.org/licenses/by/4.0/</copyright><lastBuildDate>Tue, 13 Jun 2017 07:47:47 GMT</lastBuildDate><generator>Nikola (getnikola.com)</generator><docs>http://blogs.law.harvard.edu/tech/rss</docs><item><title>M.2, NVMe, Optane and You</title><link>https://disconsented.com/posts/m2-nvme-optane-and-you/</link><dc:creator>James Kerr</dc:creator><description>&lt;div&gt;&lt;p&gt;There's a lot of confusion out in the wilds about SSD's and their various technologies so I am going to provide a reference of what everything is.&lt;/p&gt;
&lt;p&gt;&lt;a href="https://disconsented.com/posts/m2-nvme-optane-and-you/"&gt;Read more…&lt;/a&gt; (2 min remaining to read)&lt;/p&gt;&lt;/div&gt;</description><category>Educational</category><category>Rant</category><category>SSD</category><guid>https://disconsented.com/posts/m2-nvme-optane-and-you/</guid><pubDate>Thu, 18 May 2017 22:50:56 GMT</pubDate></item></channel></rss>