<?xml version="1.0" encoding="utf-8"?>
<?xml-stylesheet type="text/xsl" href="../assets/xml/rss.xsl" media="all"?><rss version="2.0" xmlns:dc="http://purl.org/dc/elements/1.1/" xmlns:atom="http://www.w3.org/2005/Atom"><channel><title>disconsented (Posts about Archive)</title><link>https://disconsented.com/</link><description></description><atom:link href="https://disconsented.com/categories/cat_archive.xml" rel="self" type="application/rss+xml"></atom:link><language>en</language><copyright>Contents © 2019 &lt;a href="mailto:jpm.kerr@outlook.com"&gt;James Kerr&lt;/a&gt; https://creativecommons.org/licenses/by/4.0/</copyright><lastBuildDate>Wed, 24 Jul 2019 07:32:43 GMT</lastBuildDate><generator>Nikola (getnikola.com)</generator><docs>http://blogs.law.harvard.edu/tech/rss</docs><item><title>Ryan Shrout professional disclosure</title><link>https://disconsented.com/posts/ryan-shrout-professional-disclosure/</link><dc:creator>James Kerr</dc:creator><description>&lt;div&gt;&lt;p&gt;For the sake of archiving I am recording this here and must recommend that people stay away from Ryan Shrout failure to disclose his relationship in some articles originally from &lt;a class="reference external" href="https://www.reddit.com/r/hardware/comments/7tdm7k/pcpers_response_to_the_recent_ethical_concerns/?st=JCXQJEZL&amp;amp;sh=3821c2ba"&gt;/u/inappropriatecontext&lt;/a&gt;&lt;/p&gt;
&lt;p&gt;&lt;a href="https://disconsented.com/posts/ryan-shrout-professional-disclosure/"&gt;Read more…&lt;/a&gt; (27 min remaining to read)&lt;/p&gt;&lt;/div&gt;</description><guid>https://disconsented.com/posts/ryan-shrout-professional-disclosure/</guid><pubDate>Sat, 27 Jan 2018 20:44:53 GMT</pubDate></item></channel></rss>