<?xml version="1.0" encoding="utf-8"?>
<?xml-stylesheet type="text/xsl" href="../assets/xml/rss.xsl" media="all"?><rss version="2.0" xmlns:dc="http://purl.org/dc/elements/1.1/" xmlns:atom="http://www.w3.org/2005/Atom"><channel><title>disconsented (Posts about Help)</title><link>https://disconsented.com/</link><description></description><atom:link href="https://disconsented.com/categories/help.xml" rel="self" type="application/rss+xml"></atom:link><language>en</language><copyright>Contents © 2017 &lt;a href="mailto:jpm.kerr@outlook.com"&gt;James Kerr&lt;/a&gt; https://creativecommons.org/licenses/by/4.0/</copyright><lastBuildDate>Tue, 13 Jun 2017 07:23:47 GMT</lastBuildDate><generator>Nikola (getnikola.com)</generator><docs>http://blogs.law.harvard.edu/tech/rss</docs><item><title>How To Use Pcpartpicker.com</title><link>https://disconsented.com/posts/how-to-use-pcpartpickercom/</link><dc:creator>James Kerr</dc:creator><description>&lt;div&gt;&lt;p&gt;&lt;a class="reference external" href="https://disconsented.com/posts/how-to-use-pcpartpickercom/www.pcpartpicker.com"&gt;PcPartPicker&lt;/a&gt; is a wonderful site that allows people to easily put together a build and get aggregated (collected) data on parts pricing, however there are a few important features that are not explained. I hope to walk you through them here. Firstly we're at the index page, nothing particularly useful except for the 'VIEW YOUR System Build' button in the top left hand corner. This is how we start a new build.&lt;/p&gt;
&lt;p&gt;&lt;a href="https://disconsented.com/posts/how-to-use-pcpartpickercom/"&gt;Read more…&lt;/a&gt; (5 min remaining to read)&lt;/p&gt;&lt;/div&gt;</description><category>Help</category><category>Pcpartpicker</category><guid>https://disconsented.com/posts/how-to-use-pcpartpickercom/</guid><pubDate>Wed, 04 Jan 2017 06:58:56 GMT</pubDate></item></channel></rss>