<?xml version="1.0" encoding="utf-8"?>
<?xml-stylesheet type="text/xsl" href="../assets/xml/rss.xsl" media="all"?><rss version="2.0" xmlns:dc="http://purl.org/dc/elements/1.1/" xmlns:atom="http://www.w3.org/2005/Atom"><channel><title>disconsented (Posts about Memory)</title><link>https://disconsented.com/</link><description></description><atom:link href="https://disconsented.com/categories/memory.xml" rel="self" type="application/rss+xml"></atom:link><language>en</language><copyright>Contents © 2019 &lt;a href="mailto:jpm.kerr@outlook.com"&gt;James Kerr&lt;/a&gt; https://creativecommons.org/licenses/by/4.0/</copyright><lastBuildDate>Wed, 24 Jul 2019 07:32:43 GMT</lastBuildDate><generator>Nikola (getnikola.com)</generator><docs>http://blogs.law.harvard.edu/tech/rss</docs><item><title>Aggregating skylake memory performance</title><link>https://disconsented.com/posts/aggregating-skylake-memory-performance/</link><dc:creator>James Kerr</dc:creator><description>&lt;div class="section" id="premise"&gt;
&lt;h2&gt;Premise&lt;/h2&gt;
&lt;p&gt;Investigate how much of a difference higher clocked memory actually makes for games on the Skylake platform using DDR4.&lt;/p&gt;
&lt;p&gt;&lt;a href="https://disconsented.com/posts/aggregating-skylake-memory-performance/"&gt;Read more…&lt;/a&gt; (3 min remaining to read)&lt;/p&gt;&lt;/div&gt;</description><category>Memory</category><category>RAM</category><category>Technical</category><guid>https://disconsented.com/posts/aggregating-skylake-memory-performance/</guid><pubDate>Fri, 17 Jun 2016 06:39:55 GMT</pubDate></item></channel></rss>