<?xml version="1.0" encoding="utf-8"?>
<?xml-stylesheet type="text/xsl" href="../assets/xml/rss.xsl" media="all"?><rss version="2.0" xmlns:dc="http://purl.org/dc/elements/1.1/" xmlns:atom="http://www.w3.org/2005/Atom"><channel><title>disconsented (Posts about Private)</title><link>https://disconsented.com/</link><description></description><atom:link href="https://disconsented.com/categories/private.xml" rel="self" type="application/rss+xml"></atom:link><language>en</language><copyright>Contents © 2018 &lt;a href="mailto:jpm.kerr@outlook.com"&gt;James Kerr&lt;/a&gt; https://creativecommons.org/licenses/by/4.0/</copyright><lastBuildDate>Tue, 30 Oct 2018 09:10:01 GMT</lastBuildDate><generator>Nikola (getnikola.com)</generator><docs>http://blogs.law.harvard.edu/tech/rss</docs><item><title>October 2018 Build Guide</title><link>https://disconsented.com/posts/october-2018-build-guide/</link><dc:creator>James Kerr</dc:creator><description>&lt;div&gt;&lt;p&gt;This has been a long time coming, I decided to skip over the Raven Ridge an Pinacle Ridge releases since we had an accurated idea of what they were going to be. However, Coffee Lake-R and Turing have both entered the fray. It has been an excting few months to say the least.&lt;/p&gt;
&lt;p&gt;&lt;a href="https://disconsented.com/posts/october-2018-build-guide/"&gt;Read more…&lt;/a&gt; (3 min remaining to read)&lt;/p&gt;&lt;/div&gt;</description><category>Private</category><guid>https://disconsented.com/posts/october-2018-build-guide/</guid><pubDate>Sat, 27 Oct 2018 06:30:38 GMT</pubDate></item></channel></rss>