<?xml version="1.0" encoding="utf-8"?>
<?xml-stylesheet type="text/xsl" href="../assets/xml/rss.xsl" media="all"?><rss version="2.0" xmlns:dc="http://purl.org/dc/elements/1.1/" xmlns:atom="http://www.w3.org/2005/Atom"><channel><title>disconsented (Posts about Rant)</title><link>https://disconsented.com/</link><description></description><atom:link href="https://disconsented.com/categories/rant.xml" rel="self" type="application/rss+xml"></atom:link><language>en</language><copyright>Contents © 2019 &lt;a href="mailto:jpm.kerr@outlook.com"&gt;James Kerr&lt;/a&gt; https://creativecommons.org/licenses/by/4.0/</copyright><lastBuildDate>Wed, 24 Jul 2019 07:32:43 GMT</lastBuildDate><generator>Nikola (getnikola.com)</generator><docs>http://blogs.law.harvard.edu/tech/rss</docs><item><title>Effective marketing or why you don't need an NVMe SSD</title><link>https://disconsented.com/posts/effective-marketing-or-why-you-dont-need-an-nvme-ssd/</link><dc:creator>James Kerr</dc:creator><description>&lt;div&gt;&lt;p&gt;I need to start this with TechReport's &lt;a class="reference external" href="http://techreport.com/review/30993/samsung-960-evo-ssd-reviewed/5"&gt;excellent review on the Samsung  960 evo SSD&lt;/a&gt;.&lt;/p&gt;
&lt;p&gt;I have been intending to write this article for a long while but have never been able to devote the time to it. Many of these statements are taken verbatim  from both Discord and IRC (I won’t point out which ones for the sake of user privacy).&lt;/p&gt;
&lt;p&gt;&lt;a href="https://disconsented.com/posts/effective-marketing-or-why-you-dont-need-an-nvme-ssd/"&gt;Read more…&lt;/a&gt; (2 min remaining to read)&lt;/p&gt;&lt;/div&gt;</description><category>Rant</category><category>SSD</category><guid>https://disconsented.com/posts/effective-marketing-or-why-you-dont-need-an-nvme-ssd/</guid><pubDate>Wed, 15 Nov 2017 05:34:27 GMT</pubDate></item><item><title>M.2, NVMe, Optane and You</title><link>https://disconsented.com/posts/m2-nvme-optane-and-you/</link><dc:creator>James Kerr</dc:creator><description>&lt;div&gt;&lt;p&gt;There's a lot of confusion out in the wilds about SSD's and their various technologies so I am going to provide a reference of what everything is.&lt;/p&gt;
&lt;p&gt;&lt;a href="https://disconsented.com/posts/m2-nvme-optane-and-you/"&gt;Read more…&lt;/a&gt; (2 min remaining to read)&lt;/p&gt;&lt;/div&gt;</description><category>Educational</category><category>Rant</category><category>SSD</category><guid>https://disconsented.com/posts/m2-nvme-optane-and-you/</guid><pubDate>Thu, 18 May 2017 22:50:56 GMT</pubDate></item></channel></rss>