<?xml version="1.0" encoding="utf-8"?>
<?xml-stylesheet type="text/xsl" href="../assets/xml/rss.xsl" media="all"?><rss version="2.0" xmlns:dc="http://purl.org/dc/elements/1.1/" xmlns:atom="http://www.w3.org/2005/Atom"><channel><title>disconsented (Posts about SEO)</title><link>https://disconsented.com/</link><description></description><atom:link href="https://disconsented.com/categories/seo.xml" rel="self" type="application/rss+xml"></atom:link><language>en</language><copyright>Contents © 2020 &lt;a href="mailto:jpm.kerr@outlook.com"&gt;James Kerr&lt;/a&gt; https://creativecommons.org/licenses/by/4.0/</copyright><lastBuildDate>Sun, 27 Dec 2020 06:44:05 GMT</lastBuildDate><generator>Nikola (getnikola.com)</generator><docs>http://blogs.law.harvard.edu/tech/rss</docs><item><title>A New Venture</title><link>https://disconsented.com/posts/a-new-venture/</link><dc:creator>James Kerr</dc:creator><description>&lt;div&gt;&lt;p&gt;For the past few months I have been quietly working towards starting my own game server host/provider I've decided to name &lt;a class="reference external" href="https://pixelpond.io"&gt;PixelPond.io&lt;/a&gt;, aiming to
provide Wicked Fast Hosting for Australia and New Zealanding. In the coming months I _may_ document my journey building the software  as well assembling the physical servers.&lt;/p&gt;
&lt;p&gt;I'm just really trying to build some more backlinks to boost my SEO &amp;gt;_&amp;gt;&lt;/p&gt;&lt;/div&gt;</description><category>Business</category><category>Minecraft</category><category>SEO</category><guid>https://disconsented.com/posts/a-new-venture/</guid><pubDate>Sun, 27 Dec 2020 06:35:18 GMT</pubDate></item></channel></rss>