<?xml version="1.0" encoding="utf-8"?>
<?xml-stylesheet type="text/xsl" href="../assets/xml/rss.xsl" media="all"?><rss version="2.0" xmlns:dc="http://purl.org/dc/elements/1.1/" xmlns:atom="http://www.w3.org/2005/Atom"><channel><title>disconsented (Posts about Server Admin)</title><link>https://disconsented.com/</link><description></description><atom:link href="https://disconsented.com/categories/server-admin.xml" rel="self" type="application/rss+xml"></atom:link><language>en</language><copyright>Contents © 2020 &lt;a href="mailto:jpm.kerr@outlook.com"&gt;James Kerr&lt;/a&gt; https://creativecommons.org/licenses/by/4.0/</copyright><lastBuildDate>Sun, 04 Oct 2020 04:23:20 GMT</lastBuildDate><generator>Nikola (getnikola.com)</generator><docs>http://blogs.law.harvard.edu/tech/rss</docs><item><title>Hardware is Hard</title><link>https://disconsented.com/posts/hardware-is-hard/</link><dc:creator>James Kerr</dc:creator><description>&lt;div class="section" id="hardware-is-hard"&gt;
&lt;h2&gt;Hardware is Hard&lt;/h2&gt;
&lt;p&gt;A guide to understanding and choosing hardware for Minecraft servers&lt;/p&gt;
&lt;p&gt;The topic of server hardware appears quite frequently in &lt;a class="reference external" href="https://reddit.com/r/syscraft"&gt;/r/syscraft&lt;/a&gt;. Sadly, this is poorly misunderstood and is at times hard to research. This article serves to help guide you through choosing the hardware for your server be it a dedicated server or a system.&lt;/p&gt;
&lt;div class="line-block"&gt;
&lt;div class="line"&gt;N.B.:&lt;/div&gt;
&lt;div class="line-block"&gt;
&lt;div class="line"&gt;This guide presumes you're proficient with a sensible server OS(Linux) and have an appropriate network connection. It will not discuss anything about running said server, that is a whole topic of its own.&lt;/div&gt;
&lt;/div&gt;
&lt;/div&gt;
&lt;p&gt;&lt;a href="https://disconsented.com/posts/hardware-is-hard/"&gt;Read more…&lt;/a&gt; (4 min remaining to read)&lt;/p&gt;&lt;/div&gt;</description><category>Minecraft</category><category>Server Admin</category><category>Technical</category><guid>https://disconsented.com/posts/hardware-is-hard/</guid><pubDate>Wed, 24 Jul 2019 08:47:23 GMT</pubDate></item></channel></rss>