<?xml version="1.0" encoding="utf-8"?>
<?xml-stylesheet type="text/xsl" href="../assets/xml/rss.xsl" media="all"?><rss version="2.0" xmlns:dc="http://purl.org/dc/elements/1.1/" xmlns:atom="http://www.w3.org/2005/Atom"><channel><title>disconsented (Posts about Summary)</title><link>https://disconsented.com/</link><description></description><atom:link href="https://disconsented.com/categories/summary.xml" rel="self" type="application/rss+xml"></atom:link><language>en</language><copyright>Contents © 2018 &lt;a href="mailto:jpm.kerr@outlook.com"&gt;James Kerr&lt;/a&gt; https://creativecommons.org/licenses/by/4.0/</copyright><lastBuildDate>Thu, 20 Sep 2018 09:30:14 GMT</lastBuildDate><generator>Nikola (getnikola.com)</generator><docs>http://blogs.law.harvard.edu/tech/rss</docs><item><title>Turing Performance Summary And Comparison</title><link>https://disconsented.com/posts/turing-performance-summary-and-comparison/</link><dc:creator>James Kerr</dc:creator><description>&lt;div&gt;&lt;p&gt;To much fanfair and excitment Nvidia's new Turing based GPU's have been released into the wild and to help perspective builders I have aggregated a handful of reviews from trusted sites.&lt;/p&gt;
&lt;p&gt;&lt;a href="https://disconsented.com/posts/turing-performance-summary-and-comparison/"&gt;Read more…&lt;/a&gt; (1 min remaining to read)&lt;/p&gt;&lt;/div&gt;</description><category>Aggregation</category><category>Summary</category><category>Turing</category><guid>https://disconsented.com/posts/turing-performance-summary-and-comparison/</guid><pubDate>Thu, 20 Sep 2018 08:42:56 GMT</pubDate></item></channel></rss>