{"ANSSRPG": [2, "/categories/anssrpg/", {"posts": [{"date": "10/09/2015", "isodate": "2015-10-09T15:31:11+13:00", "title": "TehNut has become the offical 1.7.10 maintainer for ANSSRPG", "url": "/posts/tehnut-has-become-the-offical-1710-maintainer-for-anssrpg/"}, {"date": "10/08/2015", "isodate": "2015-10-08T22:50:01+13:00", "title": "Why I decided to stick with 1.8 for minecraft.", "url": "/posts/why-i-decided-to-stick-with-18-for-minecraft/"}]}], "Build Guide": [2, "/categories/build-guide/", {"posts": [{"date": "04/21/2018", "isodate": "2018-04-21T10:31:30+12:00", "title": "April 2018 Build Guide", "url": "/posts/april-2018-build-guide/"}, {"date": "02/08/2018", "isodate": "2018-02-08T14:28:10+13:00", "title": "February 2018 Build Guide", "url": "/posts/february-2018-build-guide/"}]}], "Educational": [1, "/categories/educational/", {"posts": [{"date": "05/19/2017", "isodate": "2017-05-19T10:50:56+12:00", "title": "M.2, NVMe, Optane and You", "url": "/posts/m2-nvme-optane-and-you/"}]}], "Memory": [1, "/categories/memory/", {"posts": [{"date": "06/17/2016", "isodate": "2016-06-17T18:39:55+12:00", "title": "Aggregating skylake memory performance", "url": "/posts/aggregating-skylake-memory-performance/"}]}], "RAM": [1, "/categories/ram/", {"posts": [{"date": "06/17/2016", "isodate": "2016-06-17T18:39:55+12:00", "title": "Aggregating skylake memory performance", "url": "/posts/aggregating-skylake-memory-performance/"}]}], "Rant": [2, "/categories/rant/", {"posts": [{"date": "11/15/2017", "isodate": "2017-11-15T18:34:27+13:00", "title": "Effective marketing or why you don't need an NVMe SSD", "url": "/posts/effective-marketing-or-why-you-dont-need-an-nvme-ssd/"}, {"date": "05/19/2017", "isodate": "2017-05-19T10:50:56+12:00", "title": "M.2, NVMe, Optane and You", "url": "/posts/m2-nvme-optane-and-you/"}]}], "SSD": [3, "/categories/ssd/", {"posts": [{"date": "06/25/2018", "isodate": "2018-06-25T14:24:18+12:00", "title": "Video Editing on NVMe", "url": "/posts/video-editing-on-nvme/"}, {"date": "11/15/2017", "isodate": "2017-11-15T18:34:27+13:00", "title": "Effective marketing or why you don't need an NVMe SSD", "url": "/posts/effective-marketing-or-why-you-dont-need-an-nvme-ssd/"}, {"date": "05/19/2017", "isodate": "2017-05-19T10:50:56+12:00", "title": "M.2, NVMe, Optane and You", "url": "/posts/m2-nvme-optane-and-you/"}]}], "Technical": [1, "/categories/technical/", {"posts": [{"date": "06/17/2016", "isodate": "2016-06-17T18:39:55+12:00", "title": "Aggregating skylake memory performance", "url": "/posts/aggregating-skylake-memory-performance/"}]}]}